{
  "project_info": {
    "project_number": "325815745462",
    "firebase_url": "https://c2cfirebaseproject-d2e55.firebaseio.com",
    "project_id": "c2cfirebaseproject-d2e55",
    "storage_bucket": "c2cfirebaseproject-d2e55.appspot.com"
  },
  "client": [
    {
      "client_info": {
        "mobilesdk_app_id": "1:325815745462:android:075b5ecddc656d560ddf17",
        "android_client_info": {
          "package_name": "com.gaspesie.cart"
        }
      },
      "oauth_client": [
        {
          "client_id": "325815745462-40s9tq13epea26nrkhnmrbs847guocu9.apps.googleusercontent.com",
          "client_type": 1,
          "android_info": {
            "package_name": "com.gaspesie.cart",
            "certificate_hash": "1d2230d560d97b56f6e49a0e99c631272ee4c8a9"
          }
        },
        {
          "client_id": "325815745462-tulrbkuvrk9gldb1r823v5sor8rl02jn.apps.googleusercontent.com",
          "client_type": 3
        }
      ],
      "api_key": [
        {
          "current_key": "AIzaSyDtShYIUf9jJdlU6qcTHak_-tqCfYHfbEE"
        }
      ],
      "services": {
        "appinvite_service": {
          "other_platform_oauth_client": [
            {
              "client_id": "325815745462-tulrbkuvrk9gldb1r823v5sor8rl02jn.apps.googleusercontent.com",
              "client_type": 3
            }
          ]
        }
      }
    }
  ],
  "configuration_version": "1"
}